RAh,RAm,RAs,DE-,DEd,DEm,DEs,PosErr,z,e_z,source,Rmag,e_Rmag
,,,,,,,arcsec,---,---,---,mag,mag
09,15,40.142,+,29,55,06.71,0.5,0.234777,0.000020,DEIMOS 2011A,20.983,0.007
09,15,41.501,+,29,47,07.64,0.5,0.530381,0.000024,DEIMOS 2011A,23.398,0.048
09,15,41.682,+,29,55,13.05,0.5,0.704062,0.000033,DEIMOS 2011A,22.586,0.024
09,15,41.726,+,29,56,12.79,0.5,0.498200,0.000015,DEIMOS 2011A,22.664,0.016
09,15,42.418,+,29,46,55.71,0.5,0.899342,0.000101,DEIMOS 2011A,22.246,0.017
09,15,42.618,+,29,55,07.01,0.5,0.354237,0.000021,DEIMOS 2011A,21.776,0.009
09,15,42.975,+,29,46,36.50,0.5,0.590963,0.000015,DEIMOS 2011A,22.045,0.011
09,15,43.032,+,29,46,38.90,0.5,0.591004,0.000019,DEIMOS 2011A,22.193,0.014
09,15,43.670,+,29,54,40.75,0.5,0.257894,0.000015,DEIMOS 2011A,21.222,0.007
09,15,44.250,+,29,47,55.53,0.5,0.697367,0.000012,DEIMOS 2011A,21.701,0.010
09,15,44.326,+,29,47,41.17,0.5,0.843942,0.000036,DEIMOS 2011A,22.350,0.015
09,15,44.467,+,29,46,51.54,0.5,0.365656,0.000004,DEIMOS 2011A,20.797,0.004
09,15,44.579,+,29,47,21.48,1.27,0.388370,0.000107,DEIMOS 2011A,NULL,NULL
09,15,44.605,+,29,46,06.30,0.5,0.530617,0.000021,DEIMOS 2011A,23.044,0.031
09,15,44.868,+,29,47,04.06,0.5,0.186066,0.000019,DEIMOS 2011A,20.427,0.003
09,15,45.000,+,29,48,38.83,0.5,0.638186,0.000073,DEIMOS 2011A,23.276,0.034
09,15,45.177,+,29,53,56.39,0.5,0.496301,0.000019,DEIMOS 2011A,20.507,0.005
09,15,45.283,+,29,46,28.06,1.27,0.240020,0.000107,DEIMOS 2011A,NULL,NULL
09,15,45.331,+,29,46,27.49,0.5,0.240074,0.000003,DEIMOS 2011A,19.735,0.002
09,15,45.425,+,29,47,52.28,0.5,1.036780,0.000025,DEIMOS 2011A,23.255,0.035
09,15,46.161,+,29,48,04.03,0.5,0.590888,0.000029,DEIMOS 2011A,21.439,0.008
09,15,46.165,+,29,48,57.80,0.5,0.729583,0.000075,DEIMOS 2011A,22.023,0.012
09,15,46.168,+,29,57,16.90,0.5,0.709908,0.000040,DEIMOS 2011A,22.594,0.029
09,15,46.387,+,29,58,08.05,0.5,0.781496,0.000034,DEIMOS 2011A,23.243,0.035
09,15,46.562,+,29,56,04.89,0.5,0.593179,0.000068,DEIMOS 2011A,20.739,0.005
09,15,46.778,+,29,54,55.76,0.5,0.537405,0.000011,DEIMOS 2011A,22.025,0.011
09,15,46.855,+,29,47,47.10,0.5,0.591201,0.000010,DEIMOS 2011A,21.816,0.011
09,15,46.869,+,29,54,55.25,0.5,0.537408,0.000025,DEIMOS 2011A,22.156,0.008
09,15,46.892,+,29,53,52.95,0.5,0.505394,0.000011,DEIMOS 2011A,22.441,0.022
09,15,47.309,+,29,47,51.61,0.5,0.185456,0.000036,DEIMOS 2011A,20.930,0.005
09,15,47.378,+,29,53,39.29,0.5,0.419445,0.000079,DEIMOS 2011A,19.504,0.002
09,15,47.428,+,29,48,56.39,0.5,0.606315,0.000014,DEIMOS 2011A,22.026,0.013
09,15,47.535,+,29,54,28.43,0.5,0.185460,0.000107,DEIMOS 2011A,17.907,0.001
09,15,47.535,+,29,54,28.43,0.5,0.527133,0.000018,DEIMOS 2011A,17.907,0.001
09,15,47.674,+,29,47,27.35,1.27,0.219368,0.000016,DEIMOS 2011A,NULL,NULL
09,15,47.719,+,29,53,33.33,0.5,0.388301,0.000016,DEIMOS 2011A,21.628,0.009
09,15,47.737,+,29,56,43.72,0.5,0.524897,0.000033,DEIMOS 2012B,20.113,0.003
09,15,47.784,+,29,56,05.31,0.5,0.880648,0.000077,DEIMOS 2011A,22.480,0.023
09,15,47.791,+,29,55,57.19,0.5,0.879755,0.000061,DEIMOS 2011A,23.034,0.018
09,15,47.817,+,29,49,15.11,0.5,0.591058,0.000050,DEIMOS 2011A,21.648,0.009
09,15,47.921,+,29,46,24.86,0.5,0.219920,0.000009,DEIMOS 2011A,21.005,0.008
09,15,48.552,+,29,46,41.83,0.5,0.535750,0.000010,DEIMOS 2011A,22.387,0.021
09,15,48.617,+,29,57,34.88,0.5,0.524705,0.000010,DEIMOS 2011A,22.068,0.011
09,15,48.700,+,29,57,42.35,0.5,0.519085,0.000046,DEIMOS 2012B,21.662,0.009
09,15,48.906,+,29,53,08.38,0.5,0.827163,0.000065,DEIMOS 2011A,22.050,0.016
09,15,48.948,+,29,48,31.13,0.5,0.638635,0.000026,DEIMOS 2011A,21.406,0.009
09,15,49.070,+,29,56,02.77,0.5,0.397267,0.000033,DEIMOS 2011A,19.387,0.002
09,15,49.130,+,29,58,03.93,0.5,0.663916,0.000065,DEIMOS 2011A,21.582,0.011
09,15,49.443,+,29,54,17.53,0.5,0.535780,0.000025,DEIMOS 2012B,20.799,0.007
09,15,49.448,+,29,57,08.21,0.5,0.503816,0.000017,DEIMOS 2011A,23.262,0.033
09,15,49.531,+,29,47,07.20,0.5,0.532979,0.000053,DEIMOS 2011A,22.552,0.016
09,15,49.637,+,29,46,47.21,0.5,0.112429,0.000054,DEIMOS 2011A,21.521,0.012
09,15,49.687,+,29,47,40.12,0.5,0.183783,0.000025,DEIMOS 2011A,19.953,0.003
09,15,49.713,+,29,55,40.78,0.5,0.311117,0.000061,DEIMOS 2011A,20.548,0.004
09,15,50.090,+,29,49,01.36,0.5,0.182867,0.000009,DEIMOS 2011A,22.405,0.017
09,15,50.166,+,29,53,56.33,0.5,0.496220,0.000099,DEIMOS 2011A,21.152,0.008
09,15,50.184,+,29,56,06.67,0.5,0.525935,0.000027,DEIMOS 2011A,21.640,0.010
09,15,50.251,+,29,49,33.22,0.5,0.187419,0.000011,DEIMOS 2011A,22.055,0.014
09,15,50.349,+,29,46,08.20,0.5,0.588978,0.000034,DEIMOS 2011A,22.513,0.024
09,15,50.384,+,29,47,53.29,0.5,0.225774,0.000042,DEIMOS 2011A,19.670,0.002
09,15,50.535,+,29,45,45.37,0.5,0.748289,0.000067,DEIMOS 2011A,21.258,0.009
09,15,50.667,+,29,56,19.71,0.5,0.396075,0.000022,DEIMOS 2011A,20.048,0.003
09,15,50.743,+,29,49,36.02,0.5,0.185960,0.000058,DEIMOS 2011A,21.110,0.006
09,15,50.766,+,29,54,49.85,0.5,0.500041,0.000039,DEIMOS 2012B,21.212,0.006
09,15,50.870,+,29,48,21.39,0.5,0.185098,0.000011,DEIMOS 2011A,18.025,0.001
09,15,50.893,+,29,48,04.41,0.5,0.696285,0.000059,DEIMOS 2011A,22.313,0.015
09,15,50.893,+,29,58,56.05,0.5,0.352665,0.000007,DEIMOS 2011A,22.049,0.021
09,15,51.027,+,29,48,22.03,1.27,0.388370,0.000107,DEIMOS 2011A,NULL,NULL
09,15,51.092,+,29,57,43.53,0.5,0.519048,0.000022,DEIMOS 2012B,23.239,0.031
09,15,51.142,+,29,46,14.41,0.5,0.904317,0.000025,DEIMOS 2011A,23.287,0.056
09,15,51.229,+,29,58,26.29,0.5,0.524207,0.000021,DEIMOS 2012B,22.832,0.024
09,15,51.278,+,29,48,16.23,0.5,0.187303,0.000051,DEIMOS 2011A,21.135,0.007
09,15,51.328,+,29,57,55.54,0.5,0.504337,0.000021,DEIMOS 2012B,21.897,0.012
09,15,51.385,+,29,47,10.60,0.5,0.590597,0.000012,DEIMOS 2011A,23.264,0.032
09,15,51.417,+,29,48,53.99,0.5,0.181863,0.000004,DEIMOS 2011A,18.644,0.001
09,15,51.442,+,29,58,26.23,0.5,0.232610,0.000107,DEIMOS 2012B,23.533,0.037
09,15,51.462,+,29,58,52.86,1.27,0.352620,0.000107,DEIMOS 2011A,NULL,NULL
09,15,51.635,+,29,49,09.15,0.5,0.994103,0.000063,DEIMOS 2011A,22.444,0.017
09,15,51.796,+,29,55,44.17,0.5,0.527265,0.000148,DEIMOS 2011A,21.366,0.006
09,15,51.933,+,29,55,12.19,0.5,0.500149,0.000056,DEIMOS 2011A,22.579,0.018
09,15,51.948,+,29,53,56.64,0.5,0.662713,0.000022,DEIMOS 2011A,22.402,0.017
09,15,52.307,+,29,49,09.72,0.5,0.265894,0.000007,DEIMOS 2011A,21.542,0.012
09,15,52.347,+,29,48,52.37,0.5,0.994149,0.000015,DEIMOS 2011A,23.044,0.026
09,15,52.383,+,29,46,36.87,0.5,0.265889,0.000011,DEIMOS 2011A,21.329,0.008
09,15,52.390,+,29,50,08.04,0.5,0.527256,0.000067,DEIMOS 2011A,22.478,0.016
09,15,52.414,+,29,53,54.09,0.5,0.499781,0.000083,DEIMOS 2011A,20.805,0.006
09,15,52.763,+,29,47,07.46,0.5,0.242834,0.000006,DEIMOS 2011A,22.215,0.013
09,15,52.835,+,29,44,40.55,0.5,1.012670,0.000025,DEIMOS 2011A,22.111,0.018
09,15,53.022,+,29,57,28.25,0.5,0.504186,0.000018,DEIMOS 2011A,22.098,0.013
09,15,53.031,+,29,47,13.57,0.5,0.184892,0.000013,DEIMOS 2011A,19.474,0.002
09,15,53.066,+,29,56,11.80,0.5,0.687099,0.000016,DEIMOS 2011A,21.764,0.009
09,15,53.161,+,29,52,50.73,0.5,0.662299,0.000034,DEIMOS 2011A,22.553,0.023
09,15,53.243,+,29,55,35.42,0.5,0.526739,0.000006,DEIMOS 2012B,22.685,0.023
09,15,53.266,+,29,54,49.30,0.5,0.504306,0.000018,DEIMOS 2011A,19.217,0.002
09,15,53.385,+,29,48,02.55,0.5,0.464423,0.000016,DEIMOS 2011A,22.151,0.015
09,15,53.390,+,29,48,45.63,0.5,1.116310,0.000056,DEIMOS 2011A,23.490,0.044
09,15,53.505,+,29,58,25.76,0.5,0.563103,0.000023,DEIMOS 2012B,21.506,0.009
09,15,53.630,+,29,57,28.63,0.5,0.503231,0.000013,DEIMOS 2011A,22.588,0.018
09,15,53.649,+,29,56,45.70,0.5,0.241948,0.000001,DEIMOS 2011A,20.330,0.003
09,15,53.985,+,29,54,39.70,0.5,0.504213,0.000015,DEIMOS 2012B,21.331,0.008
09,15,54.268,+,29,46,11.63,0.5,0.533418,0.000017,DEIMOS 2011A,22.032,0.011
09,15,54.445,+,29,52,27.72,0.5,0.452194,0.000006,DEIMOS 2011A,22.412,0.015
09,15,54.459,+,29,57,32.25,0.5,0.652483,0.000089,DEIMOS 2011A,22.113,0.015
09,15,54.511,+,29,55,19.50,0.5,0.501442,0.000038,DEIMOS 2011A,19.968,0.003
09,15,54.562,+,29,57,49.75,0.5,0.417640,0.000107,DEIMOS 2012B,23.733,0.044
09,15,54.566,+,29,57,56.29,0.5,0.539096,0.000011,DEIMOS 2011A,22.370,0.021
09,15,54.782,+,29,45,53.33,0.5,0.625038,0.000007,DEIMOS 2011A,21.224,0.007
09,15,54.785,+,29,55,55.05,0.5,0.501785,0.000016,DEIMOS 2011A,21.642,0.009
09,15,54.825,+,29,45,46.16,0.5,0.506946,0.000040,DEIMOS 2011A,20.963,0.006
09,15,54.972,+,29,57,48.67,0.5,0.538640,0.000048,DEIMOS 2012B,21.949,0.012
09,15,55.064,+,29,47,16.88,0.5,0.453501,0.000031,DEIMOS 2011A,22.097,0.013
09,15,55.190,+,29,55,22.13,0.5,0.024417,0.000010,DEIMOS 2012B,20.816,0.008
09,15,55.221,+,29,55,05.90,0.5,0.879694,0.000057,DEIMOS 2012B,21.760,0.011
09,15,55.300,+,29,53,53.01,0.5,0.591951,0.000025,DEIMOS 2012B,23.468,0.033
09,15,55.445,+,29,54,12.19,0.5,0.226260,0.000003,DEIMOS 2011A,21.961,0.011
09,15,55.507,+,29,46,14.74,0.5,0.748048,0.000082,DEIMOS 2011A,20.657,0.004
09,15,55.631,+,29,54,54.47,0.5,0.503997,0.000026,DEIMOS 2011A,20.764,0.007
09,15,55.653,+,29,46,34.67,0.5,0.898636,0.000075,DEIMOS 2011A,22.024,0.015
09,15,55.676,+,29,46,26.85,0.5,0.902479,0.000094,DEIMOS 2011A,22.578,0.025
09,15,55.910,+,29,54,53.40,0.5,0.527497,0.000013,DEIMOS 2012B,22.264,0.019
09,15,56.122,+,29,48,00.83,0.5,0.535509,0.000066,DEIMOS 2011A,21.971,0.013
09,15,56.143,+,29,54,31.19,0.5,0.592463,0.000047,DEIMOS 2011A,21.061,0.005
09,15,56.206,+,29,49,45.02,0.5,0.591264,0.000059,DEIMOS 2011A,21.414,0.011
09,15,56.245,+,29,56,32.15,0.5,0.618014,0.000031,DEIMOS 2012B,20.823,0.006
09,15,56.472,+,29,52,34.71,0.5,0.292395,0.000107,DEIMOS 2011A,21.170,0.007
09,15,56.546,+,29,54,24.04,0.5,0.594010,0.000084,DEIMOS 2011A,21.782,0.013
09,15,56.617,+,29,50,21.70,0.5,0.521489,0.000030,DEIMOS 2011A,22.242,0.016
09,15,56.647,+,29,49,16.14,0.5,0.609533,0.000067,DEIMOS 2011A,22.313,0.017
09,15,56.697,+,29,49,54.62,0.5,0.535797,0.000042,DEIMOS 2011A,21.265,0.008
09,15,56.699,+,29,44,32.88,0.5,0.577707,0.000008,DEIMOS 2011A,22.736,0.021
09,15,56.739,+,29,45,12.50,0.5,0.531234,0.000016,DEIMOS 2011A,22.413,0.018
09,15,57.010,+,29,52,48.76,0.5,0.536813,0.000006,DEIMOS 2011A,21.256,0.006
09,15,57.225,+,29,58,05.35,0.5,0.523261,0.000011,DEIMOS 2012B,21.593,0.009
09,15,57.349,+,29,46,27.97,0.5,0.901382,0.000022,DEIMOS 2011A,22.427,0.019
09,15,57.361,+,29,47,21.78,0.5,0.419856,0.000012,DEIMOS 2011A,22.371,0.016
09,15,57.416,+,29,51,23.34,0.5,0.529459,0.000021,DEIMOS 2011A,20.453,0.004
09,15,57.429,+,29,44,36.81,0.5,0.906362,0.000003,DEIMOS 2011A,21.925,0.013
09,15,57.431,+,29,44,45.48,0.5,0.179971,0.000020,DEIMOS 2011A,23.072,0.032
09,15,57.526,+,29,44,56.23,0.5,0.532040,0.000071,DEIMOS 2011A,22.548,0.021
09,15,57.548,+,29,45,20.61,0.5,0.180091,0.000003,DEIMOS 2011A,21.337,0.009
09,15,57.701,+,29,52,35.62,0.5,0.365131,0.000014,DEIMOS 2011A,22.127,0.015
09,15,57.721,+,29,45,02.97,0.5,0.531529,0.000010,DEIMOS 2011A,22.528,0.023
09,15,57.770,+,29,54,14.25,0.5,0.535752,0.000043,DEIMOS 2012B,21.716,0.008
09,15,57.785,+,29,53,51.57,0.5,0.526142,0.000012,DEIMOS 2012B,22.886,0.024
09,15,57.855,+,29,57,06.73,1.27,0.671597,0.000046,DEIMOS 2011A,NULL,NULL
09,15,57.916,+,29,54,26.72,0.5,0.862762,0.000045,DEIMOS 2011A,22.482,0.022
09,15,58.112,+,29,47,56.47,0.5,0.424511,0.000007,DEIMOS 2011A,20.758,0.005
09,15,58.189,+,29,50,33.13,0.5,0.589114,0.000039,DEIMOS 2011A,22.092,0.014
09,15,58.222,+,29,47,39.96,0.5,0.768969,0.000055,DEIMOS 2011A,22.362,0.017
09,15,58.291,+,29,55,42.27,0.5,0.354156,0.000004,DEIMOS 2011A,21.672,0.008
09,15,58.370,+,29,53,38.56,0.5,0.533538,0.000047,DEIMOS 2011A,21.011,0.005
09,15,58.441,+,29,50,48.35,0.5,0.661427,0.000049,DEIMOS 2011A,21.115,0.008
09,15,58.559,+,29,47,57.90,0.5,0.087793,0.000009,DEIMOS 2011A,23.371,0.032
09,15,58.600,+,29,53,56.34,0.5,0.839650,0.000017,DEIMOS 2011A,23.292,0.030
09,15,58.614,+,29,50,30.55,0.5,0.538960,0.000028,DEIMOS 2011A,19.755,0.002
09,15,58.708,+,29,48,12.57,0.5,0.184347,0.000047,DEIMOS 2011A,21.419,0.008
09,15,58.765,+,29,54,59.04,0.5,0.536457,0.000021,DEIMOS 2011A,20.296,0.003
09,15,58.908,+,29,53,41.79,0.5,0.534575,0.000076,DEIMOS 2012B,20.527,0.004
09,15,58.922,+,29,54,49.22,0.5,0.537202,0.000036,DEIMOS 2011A,20.519,0.004
09,15,59.039,+,29,46,13.08,0.5,0.463337,0.000022,DEIMOS 2011A,20.330,0.003
09,15,59.041,+,29,49,27.00,0.5,0.897290,NULL,DEIMOS 2011A,24.758,0.089
09,15,59.095,+,29,51,33.50,0.5,0.932897,0.000012,DEIMOS 2011A,22.282,0.015
09,15,59.115,+,29,53,39.96,0.5,0.534721,0.000033,DEIMOS 2011A,20.691,0.005
09,15,59.143,+,29,48,52.64,0.5,0.454309,0.000006,DEIMOS 2011A,21.184,0.007
09,15,59.269,+,29,50,56.30,0.5,0.662388,0.000067,DEIMOS 2011A,22.036,0.015
09,15,59.301,+,29,49,14.05,0.5,0.540460,0.000023,DEIMOS 2011A,20.134,0.003
09,15,59.341,+,29,49,29.75,0.5,0.535538,0.000036,DEIMOS 2011A,20.764,0.006
09,15,59.356,+,29,56,38.15,1.27,0.354116,0.000014,DEIMOS 2011A,NULL,NULL
09,15,59.585,+,29,47,50.40,0.5,0.463844,0.000012,DEIMOS 2011A,20.517,0.004
09,15,59.617,+,29,46,14.91,0.5,0.322910,0.000107,DEIMOS 2011A,20.104,0.003
09,15,59.617,+,29,55,24.40,0.5,0.664791,0.000102,DEIMOS 2011A,21.131,0.009
09,15,59.886,+,29,46,15.74,1.27,0.901660,0.000107,DEIMOS 2011A,NULL,NULL
09,16,00.010,+,29,51,18.82,0.5,0.536830,0.000032,DEIMOS 2011A,23.208,0.042
09,16,00.078,+,29,46,16.48,0.5,0.896786,0.000068,DEIMOS 2011A,21.917,0.014
09,16,00.093,+,29,54,12.97,0.5,0.528007,0.000016,DEIMOS 2012B,22.757,0.021
09,16,00.130,+,29,51,20.20,0.5,0.530473,0.000074,DEIMOS 2011A,23.450,0.038
09,16,00.352,+,29,45,56.24,0.5,0.463547,0.000045,DEIMOS 2011A,21.952,0.016
09,16,00.436,+,29,45,15.46,0.5,0.660514,0.000054,DEIMOS 2011A,20.948,0.009
09,16,00.439,+,29,45,23.27,0.5,0.455511,0.000017,DEIMOS 2011A,22.300,0.022
09,16,00.479,+,29,57,31.43,0.5,0.523601,0.000028,DEIMOS 2011A,21.038,0.006
09,16,00.538,+,29,51,03.51,0.5,0.530744,0.000046,DEIMOS 2011A,21.304,0.008
09,16,00.699,+,29,46,17.82,0.5,0.402161,0.000011,DEIMOS 2011A,22.491,0.016
09,16,00.845,+,29,54,58.65,0.5,0.347313,0.000006,DEIMOS 2011A,20.553,0.003
09,16,00.845,+,29,48,00.96,0.5,0.716192,0.000020,DEIMOS 2011A,22.519,0.018
09,16,00.864,+,29,53,30.04,0.5,0.589784,0.000042,DEIMOS 2011A,22.340,0.015
09,16,01.124,+,29,49,31.95,0.5,0.886863,0.000099,DEIMOS 2011A,22.093,0.022
09,16,01.407,+,29,53,24.30,0.5,0.829720,0.000081,DEIMOS 2011A,22.576,0.020
09,16,01.415,+,29,50,19.74,0.5,0.123754,0.000081,DEIMOS 2011A,20.012,0.004
09,16,01.452,+,29,54,18.60,0.5,0.536525,0.000017,DEIMOS 2011A,22.457,0.018
09,16,01.568,+,29,50,08.74,1.27,0.538038,0.000003,DEIMOS 2011A,NULL,NULL
09,16,01.711,+,29,51,39.09,0.5,0.185985,0.000004,DEIMOS 2011A,21.479,0.009
09,16,01.714,+,29,49,35.64,0.5,0.903821,0.000139,DEIMOS 2011A,22.752,0.021
09,16,01.882,+,29,52,54.63,0.5,0.606482,0.000025,DEIMOS 2012B,21.395,0.009
09,16,01.941,+,29,46,17.54,0.5,0.995000,0.000107,DEIMOS 2011A,22.403,0.021
09,16,01.948,+,29,52,04.08,0.5,0.590990,0.000048,DEIMOS 2011A,21.863,0.013
09,16,01.975,+,29,50,19.03,0.5,0.533398,0.000019,DEIMOS 2011A,22.286,0.015
09,16,01.987,+,29,49,23.61,0.5,0.185422,0.000010,DEIMOS 2011A,22.214,0.016
09,16,01.991,+,29,53,56.81,0.5,0.527551,0.000018,DEIMOS 2012B,21.545,0.008
09,16,02.032,+,29,46,20.32,0.5,0.901470,0.000107,DEIMOS 2011A,22.135,0.016
09,16,02.041,+,29,51,54.38,0.5,0.591772,0.000083,DEIMOS 2011A,23.190,0.026
09,16,02.069,+,29,48,55.03,0.5,0.535087,0.000023,DEIMOS 2011A,20.896,0.005
09,16,02.143,+,29,52,32.84,0.5,0.529475,0.000043,DEIMOS 2012B,22.043,0.012
09,16,02.257,+,29,53,06.17,0.5,0.862842,0.000019,DEIMOS 2011A,22.128,0.013
09,16,02.315,+,29,52,08.92,0.5,0.529558,0.000051,DEIMOS 2011A,21.844,0.012
09,16,02.348,+,29,45,51.19,0.5,0.465678,0.000014,DEIMOS 2011A,23.425,0.040
09,16,02.427,+,29,45,57.86,0.5,0.896589,0.000120,DEIMOS 2011A,23.326,0.044
09,16,02.666,+,29,53,51.44,0.5,0.777581,0.000107,DEIMOS 2011A,22.203,0.014
09,16,02.670,+,29,51,29.96,0.5,0.532569,0.000060,DEIMOS 2011A,21.210,0.007
09,16,02.733,+,29,54,21.98,0.5,0.527290,0.000032,DEIMOS 2011A,20.748,0.005
09,16,02.810,+,29,53,25.49,0.5,0.529126,0.000118,DEIMOS 2011A,20.720,0.005
09,16,02.870,+,29,51,16.28,0.5,0.690104,0.000011,DEIMOS 2011A,22.315,0.017
09,16,02.984,+,29,50,15.66,0.5,0.536039,0.000046,DEIMOS 2011A,22.076,0.014
09,16,03.020,+,29,52,06.20,0.5,0.727946,0.000016,DEIMOS 2011A,21.688,0.009
09,16,03.035,+,29,55,43.77,0.5,0.537102,0.000006,DEIMOS 2012B,21.262,0.007
09,16,03.046,+,29,51,59.37,0.5,0.528120,0.000014,DEIMOS 2011A,21.289,0.008
09,16,03.122,+,29,55,03.44,0.5,0.347177,0.000005,DEIMOS 2011A,22.578,0.018
09,16,03.277,+,29,53,13.47,0.5,0.526665,0.000042,DEIMOS 2011A,22.118,0.013
09,16,03.357,+,29,50,03.96,0.5,0.530034,0.000140,DEIMOS 2011A,21.041,0.006
09,16,03.460,+,29,49,33.60,0.5,0.534407,0.000072,DEIMOS 2011A,21.597,0.009
09,16,03.584,+,29,50,35.01,0.5,0.353228,0.000023,DEIMOS 2011A,22.153,0.014
09,16,03.607,+,29,49,15.53,0.5,0.186240,0.000029,DEIMOS 2011A,23.163,0.039
09,16,03.609,+,29,51,24.93,0.5,0.532913,0.000026,DEIMOS 2011A,20.831,0.005
09,16,03.706,+,29,50,18.90,0.5,0.506381,0.000024,DEIMOS 2011A,20.798,0.005
09,16,03.860,+,29,53,50.94,0.5,0.528480,0.000107,DEIMOS 2011A,22.887,0.025
09,16,03.968,+,29,52,18.68,0.5,0.527946,0.000044,DEIMOS 2011A,20.448,0.004
09,16,04.016,+,29,53,47.88,0.5,0.674979,0.000026,DEIMOS 2011A,22.489,0.019
09,16,04.068,+,29,51,37.96,0.5,0.529270,0.000071,DEIMOS 2011A,21.554,0.010
09,16,04.076,+,29,54,00.29,0.5,0.527439,0.000017,DEIMOS 2012B,23.137,0.031
09,16,04.095,+,29,50,53.69,0.5,0.527401,0.000013,DEIMOS 2011A,21.982,0.012
09,16,04.205,+,29,52,02.13,0.5,0.525185,0.000038,DEIMOS 2011A,20.740,0.006
09,16,04.254,+,29,50,33.92,0.5,0.541423,0.000257,DEIMOS 2011A,22.173,0.015
09,16,04.387,+,29,50,56.83,0.5,0.535691,NULL,DEIMOS 2011A,23.365,0.035
09,16,04.418,+,29,51,16.95,0.5,0.531467,0.000004,DEIMOS 2011A,21.627,0.008
09,16,04.456,+,29,54,05.63,0.5,0.365186,0.000017,DEIMOS 2011A,21.551,0.008
09,16,04.492,+,29,51,01.38,0.5,0.593666,0.000081,DEIMOS 2011A,20.541,0.004
09,16,04.556,+,29,53,03.66,0.5,0.527125,0.000054,DEIMOS 2011A,20.353,0.004
09,16,04.615,+,29,52,57.31,0.5,0.665582,0.000022,DEIMOS 2011A,21.433,0.009
09,16,04.654,+,29,55,32.24,0.5,0.527252,0.000017,DEIMOS 2012B,21.567,0.012
09,16,04.679,+,29,46,53.52,0.5,0.729323,0.000012,DEIMOS 2011A,22.296,0.020
09,16,04.726,+,29,48,52.43,0.5,0.535005,0.000036,DEIMOS 2011A,21.494,0.009
09,16,04.848,+,29,47,34.76,1.27,0.184299,0.000017,DEIMOS 2011A,NULL,NULL
09,16,04.861,+,29,46,04.72,0.5,0.186016,0.000002,DEIMOS 2011A,20.958,0.005
09,16,04.929,+,29,48,30.74,0.5,0.185781,0.000019,DEIMOS 2011A,22.432,0.018
09,16,04.973,+,29,52,11.01,0.5,0.529481,0.000095,DEIMOS 2011A,20.465,0.005
09,16,04.973,+,29,52,11.01,0.5,0.537100,NULL,LRIS 2007,20.465,0.005
09,16,05.165,+,29,52,00.48,0.5,0.804920,0.000107,DEIMOS 2011A,21.467,0.010
09,16,05.165,+,29,52,00.48,0.5,0.525487,0.000066,DEIMOS 2011A,21.467,0.010
09,16,05.282,+,29,47,19.38,0.5,0.674100,0.000107,DEIMOS 2011A,21.354,0.008
09,16,05.282,+,29,47,19.38,0.5,0.537612,0.000016,DEIMOS 2011A,21.354,0.008
09,16,05.517,+,29,52,06.42,0.5,0.528064,0.000006,DEIMOS 2011A,22.358,0.015
09,16,05.528,+,29,50,41.09,0.5,0.807047,0.000107,DEIMOS 2011A,22.474,0.017
09,16,05.646,+,29,51,57.59,0.5,0.607968,0.000006,DEIMOS 2011A,21.388,0.008
09,16,05.701,+,29,47,45.56,0.5,0.536430,0.000039,DEIMOS 2011A,22.386,0.017
09,16,05.704,+,29,52,48.60,0.5,0.527048,0.000059,DEIMOS 2011A,20.433,0.004
09,16,05.712,+,29,52,06.66,0.5,0.526043,0.000025,DEIMOS 2011A,21.377,0.008
09,16,05.765,+,29,55,26.15,0.5,0.527093,0.000051,DEIMOS 2011A,21.383,0.009
09,16,05.920,+,29,48,39.81,0.5,0.535288,0.000063,DEIMOS 2011A,21.657,0.010
09,16,05.950,+,29,50,01.05,0.5,0.537644,0.000038,DEIMOS 2011A,20.777,0.007
09,16,05.978,+,29,54,42.86,0.5,0.527192,0.000045,DEIMOS 2011A,22.273,0.018
09,16,06.008,+,29,53,22.14,0.5,0.529980,0.000107,DEIMOS 2011A,23.236,0.042
09,16,06.045,+,29,46,41.22,0.5,0.887711,0.000006,DEIMOS 2011A,22.577,0.018
09,16,06.205,+,29,53,15.34,0.5,0.528201,0.000012,DEIMOS 2012B,22.955,0.024
09,16,06.285,+,29,53,20.87,0.5,0.526016,0.000052,DEIMOS 2011A,22.143,0.012
09,16,06.308,+,29,46,30.87,0.5,0.186657,0.000007,DEIMOS 2011A,22.070,0.014
09,16,06.325,+,29,50,54.96,0.5,0.184911,0.000004,DEIMOS 2011A,19.534,0.001
09,16,06.455,+,29,54,20.18,0.5,0.528444,0.000089,DEIMOS 2012B,23.031,0.026
09,16,06.498,+,29,49,20.50,0.5,0.462779,0.000008,DEIMOS 2011A,22.235,0.014
09,16,06.553,+,29,55,07.13,0.5,0.500851,0.000010,DEIMOS 2012B,22.173,0.017
09,16,06.743,+,29,53,50.07,0.5,0.528172,0.000056,DEIMOS 2011A,22.389,0.015
09,16,06.756,+,29,51,22.67,0.5,0.536913,0.000031,DEIMOS 2011A,20.478,0.004
09,16,07.268,+,29,51,47.19,0.5,0.499570,0.000023,DEIMOS 2011A,20.796,0.004
09,16,07.290,+,29,52,23.22,0.5,0.529618,0.000023,DEIMOS 2012B,22.168,0.013
09,16,07.298,+,29,48,15.54,0.5,0.099526,0.000001,DEIMOS 2011A,21.815,0.009
09,16,07.469,+,29,49,23.38,0.5,0.506467,0.000022,DEIMOS 2011A,22.696,0.024
09,16,07.485,+,29,51,46.38,0.5,0.527507,0.000108,DEIMOS 2011A,22.642,0.018
09,16,07.768,+,29,54,21.41,0.5,1.011480,0.000087,DEIMOS 2011A,23.500,0.046
09,16,07.781,+,29,49,38.51,0.5,0.535589,0.000048,DEIMOS 2011A,21.490,0.009
09,16,07.784,+,29,54,01.47,0.5,0.606055,0.000020,DEIMOS 2012B,22.326,0.016
09,16,07.793,+,29,52,07.48,0.5,0.530210,0.000060,DEIMOS 2012B,21.507,0.009
09,16,07.811,+,29,48,49.99,0.5,1.159040,0.000107,DEIMOS 2011A,22.089,0.017
09,16,07.811,+,29,48,49.99,0.5,0.734032,0.000047,DEIMOS 2011A,22.089,0.017
09,16,07.860,+,29,55,16.13,0.5,0.536065,0.000003,DEIMOS 2011A,21.575,0.009
09,16,07.917,+,29,54,10.00,0.5,0.901870,0.000097,DEIMOS 2011A,22.702,0.025
09,16,07.944,+,29,54,00.60,0.5,0.528900,0.000107,DEIMOS 2012B,24.132,0.051
09,16,07.952,+,29,49,38.23,0.5,0.534652,0.000018,DEIMOS 2011A,21.894,0.013
09,16,07.990,+,29,52,10.59,0.5,0.529250,NULL,DEIMOS 2011A,22.556,0.024
09,16,08.010,+,29,52,43.76,0.5,0.526424,0.000038,DEIMOS 2011A,22.178,0.016
09,16,08.096,+,29,52,04.28,0.5,0.527758,0.000042,DEIMOS 2011A,20.397,0.004
09,16,08.096,+,29,52,04.28,0.5,0.526800,NULL,LRIS 2007,20.397,0.004
09,16,08.158,+,29,52,32.60,0.5,0.592379,0.000032,DEIMOS 2011A,19.836,0.003
09,16,08.158,+,29,48,48.54,0.5,0.537300,0.000024,DEIMOS 2011A,20.520,0.005
09,16,08.377,+,29,51,48.55,0.5,0.498964,0.000044,DEIMOS 2011A,22.211,0.013
09,16,08.405,+,29,52,02.51,0.5,0.501714,0.000009,DEIMOS 2011A,22.944,0.033
09,16,08.490,+,29,53,35.36,0.5,0.535704,0.000019,DEIMOS 2011A,22.577,0.019
09,16,08.572,+,29,49,45.97,0.5,0.533170,0.000080,DEIMOS 2011A,21.831,0.010
09,16,08.580,+,29,49,17.95,0.5,1.159330,0.000062,DEIMOS 2011A,23.222,0.031
09,16,08.623,+,29,53,28.48,0.5,0.380925,0.000013,DEIMOS 2011A,20.534,0.004
09,16,08.628,+,29,52,10.86,0.5,0.526900,0.000107,DEIMOS 2012B,21.880,0.011
09,16,08.628,+,29,52,10.86,0.5,0.526700,0.000131,DEIMOS 2011A,21.880,0.011
09,16,08.640,+,29,52,07.97,0.5,0.836987,0.000025,DEIMOS 2012B,22.266,0.016
09,16,08.689,+,29,50,53.43,0.5,0.530329,0.000049,DEIMOS 2011A,22.245,0.016
09,16,08.692,+,29,48,20.70,0.5,0.899864,0.000021,DEIMOS 2011A,22.084,0.015
09,16,08.885,+,29,51,17.10,0.5,0.592710,0.000056,DEIMOS 2011A,21.372,0.007
09,16,09.130,+,29,50,06.61,0.5,0.503077,0.000020,DEIMOS 2011A,23.310,0.032
09,16,09.436,+,29,47,22.06,0.5,0.840487,0.000124,DEIMOS 2011A,22.991,0.027
09,16,09.447,+,29,52,28.50,0.5,0.701080,0.000020,DEIMOS 2011A,21.945,0.012
09,16,09.463,+,29,52,18.30,0.5,0.591232,0.000040,DEIMOS 2011A,20.589,0.005
09,16,09.498,+,29,51,45.28,0.5,0.186274,0.000053,DEIMOS 2011A,19.109,0.001
09,16,09.839,+,29,54,51.67,0.5,0.528790,0.000013,DEIMOS 2012B,21.725,0.009
09,16,09.861,+,29,51,30.08,0.5,0.533273,0.000043,DEIMOS 2011A,20.825,0.005
09,16,09.861,+,29,51,30.08,0.5,0.529600,NULL,LRIS 2007,20.825,0.005
09,16,09.964,+,29,52,10.39,0.5,0.525513,0.000009,DEIMOS 2012B,20.634,0.005
09,16,10.112,+,29,49,39.96,0.5,0.526926,0.000036,DEIMOS 2011A,22.319,0.016
09,16,10.143,+,29,50,35.20,0.5,0.367422,0.000006,DEIMOS 2011A,21.602,0.009
09,16,10.410,+,29,53,14.81,0.5,0.498113,0.000020,DEIMOS 2012B,23.434,0.045
09,16,10.493,+,29,53,19.53,0.5,0.700617,0.000039,DEIMOS 2011A,21.438,0.008
09,16,10.658,+,29,51,14.46,0.5,0.702245,0.000007,DEIMOS 2011A,22.295,0.016
09,16,10.658,+,29,51,14.46,0.5,0.702210,0.000004,DEIMOS 2011A,22.295,0.016
09,16,10.753,+,29,50,09.56,0.5,0.532074,0.000061,DEIMOS 2011A,22.166,0.011
09,16,10.913,+,29,49,15.18,0.5,0.535152,0.000063,DEIMOS 2011A,21.342,0.007
09,16,10.931,+,29,52,15.15,0.5,0.528550,NULL,DEIMOS 2011A,20.240,0.004
09,16,10.933,+,29,52,09.04,0.5,0.534392,0.000078,DEIMOS 2012B,21.446,0.010
09,16,10.955,+,29,52,54.81,0.5,0.536706,0.000008,DEIMOS 2011A,22.587,0.020
09,16,10.980,+,29,53,54.75,0.5,0.538106,0.000003,DEIMOS 2011A,21.904,0.010
09,16,11.024,+,29,49,46.77,0.5,1.036170,0.000052,DEIMOS 2011A,22.409,0.020
09,16,11.035,+,29,51,19.88,0.5,0.528400,NULL,LRIS 2007,19.911,0.002
09,16,11.048,+,29,53,44.26,0.5,0.568548,0.000054,DEIMOS 2011A,21.753,0.009
09,16,11.134,+,29,51,27.17,0.5,0.136478,0.000002,DEIMOS 2012B,21.829,0.013
09,16,11.163,+,29,54,38.97,0.5,0.353012,0.000036,DEIMOS 2011A,21.687,0.011
09,16,11.169,+,29,51,46.26,0.5,0.535740,0.000042,DEIMOS 2011A,20.543,0.004
09,16,11.311,+,29,52,10.08,0.5,0.527506,0.000010,DEIMOS 2011A,20.898,0.006
09,16,11.311,+,29,52,10.08,0.5,0.532400,NULL,LRIS 2007,20.898,0.006
09,16,11.375,+,29,52,19.36,0.5,0.526480,NULL,DEIMOS 2011A,21.122,0.007
09,16,11.483,+,29,53,58.47,0.5,0.538028,0.000016,DEIMOS 2012B,22.663,0.020
09,16,11.517,+,29,47,50.75,0.5,0.694447,0.000039,DEIMOS 2011A,23.201,0.039
09,16,11.582,+,29,51,35.99,0.5,0.532466,0.000074,DEIMOS 2011A,20.967,0.005
09,16,11.873,+,29,53,25.96,0.5,0.537626,0.000047,DEIMOS 2011A,21.448,0.008
09,16,11.897,+,29,51,04.11,0.5,0.538590,0.000097,DEIMOS 2012B,22.866,0.024
09,16,12.068,+,29,51,31.33,0.5,0.533305,0.000049,DEIMOS 2012B,21.945,0.010
09,16,12.168,+,29,54,22.33,0.5,0.537763,0.000025,DEIMOS 2011A,20.092,0.003
09,16,12.255,+,29,49,52.97,0.5,0.502345,0.000011,DEIMOS 2011A,21.230,0.007
09,16,12.377,+,29,49,25.37,0.5,0.531197,0.000032,DEIMOS 2011A,21.531,0.009
09,16,12.377,+,29,49,25.37,0.5,0.531210,0.000107,DEIMOS 2011A,21.531,0.009
09,16,12.377,+,29,49,25.37,0.5,0.537600,NULL,LRIS 2007,21.531,0.009
09,16,12.455,+,29,54,27.12,0.5,0.537760,0.000017,DEIMOS 2012B,22.715,0.041
09,16,12.492,+,29,52,14.61,0.5,0.536350,0.000048,DEIMOS 2011A,21.445,0.010
09,16,12.582,+,29,49,23.63,0.5,0.379326,0.000052,DEIMOS 2011A,21.423,0.008
09,16,12.593,+,29,48,56.90,0.5,0.540891,0.000037,DEIMOS 2011A,21.350,0.008
09,16,12.686,+,29,52,22.75,0.5,0.538163,0.000036,DEIMOS 2011A,20.956,0.007
09,16,12.689,+,29,53,17.37,0.5,0.537241,0.000013,DEIMOS 2011A,21.304,0.006
09,16,12.858,+,29,53,53.66,0.5,0.266466,0.000017,DEIMOS 2011A,22.830,0.022
09,16,12.942,+,29,50,34.00,0.5,0.536702,0.000079,DEIMOS 2012B,23.465,0.034
09,16,13.059,+,29,51,55.31,0.5,0.536659,0.000052,DEIMOS 2011A,22.064,0.011
09,16,13.164,+,29,52,05.41,0.5,0.529281,0.000007,DEIMOS 2011A,21.076,0.005
09,16,13.197,+,29,49,51.75,0.5,0.806237,0.000081,DEIMOS 2011A,22.487,0.019
09,16,13.362,+,29,48,27.99,0.5,0.931069,0.000056,DEIMOS 2011A,21.393,0.009
09,16,13.363,+,29,50,00.94,0.5,1.045040,0.000107,DEIMOS 2011A,22.471,0.016
09,16,13.416,+,29,51,46.57,0.5,0.528266,0.000078,DEIMOS 2011A,21.683,0.011
09,16,13.446,+,29,49,37.62,0.5,0.377927,0.000021,DEIMOS 2011A,22.754,0.020
09,16,13.539,+,29,50,09.83,0.5,0.884727,0.000151,DEIMOS 2011A,23.195,0.033
09,16,13.576,+,29,48,29.83,0.5,0.931070,0.000107,DEIMOS 2011A,22.603,0.020
09,16,13.598,+,29,49,19.33,0.5,0.379815,0.000020,DEIMOS 2011A,19.491,0.003
09,16,13.598,+,29,49,19.33,0.5,0.931790,0.000107,DEIMOS 2011A,19.491,0.003
09,16,13.690,+,29,51,43.73,0.5,0.538844,0.000030,DEIMOS 2012B,22.717,0.027
09,16,13.887,+,29,53,49.03,0.5,0.156614,0.000003,DEIMOS 2011A,21.910,0.010
09,16,13.908,+,29,50,34.75,0.5,0.527011,0.000031,DEIMOS 2011A,19.982,0.003
09,16,14.084,+,29,50,30.00,0.5,0.559228,0.000009,DEIMOS 2012B,22.603,0.022
09,16,14.150,+,29,51,18.38,0.5,0.179863,0.000005,DEIMOS 2011A,21.831,0.011
09,16,14.178,+,29,49,59.61,0.5,0.535127,0.000057,DEIMOS 2011A,21.999,0.011
09,16,14.236,+,29,49,04.57,0.5,0.536027,0.000047,DEIMOS 2011A,21.841,0.009
09,16,14.253,+,29,50,46.64,0.5,0.534065,0.000098,DEIMOS 2011A,21.387,0.008
09,16,14.347,+,29,54,23.86,0.5,0.494741,0.000017,DEIMOS 2012B,22.707,0.021
09,16,14.384,+,29,52,18.08,0.5,0.536801,0.000077,DEIMOS 2011A,22.409,0.019
09,16,14.384,+,29,52,18.08,0.5,0.536560,NULL,DEIMOS 2011A,22.409,0.019
09,16,14.434,+,29,52,06.51,0.5,0.537149,0.000031,DEIMOS 2011A,22.324,0.020
09,16,14.473,+,29,51,57.65,0.5,0.530867,0.000049,DEIMOS 2011A,20.942,0.006
09,16,14.473,+,29,51,57.65,0.5,0.378900,NULL,LRIS 2007,20.942,0.006
09,16,14.537,+,29,54,59.37,0.5,0.502244,0.000098,DEIMOS 2011A,21.657,0.009
09,16,14.539,+,29,50,41.33,0.5,0.453935,0.000031,DEIMOS 2011A,21.453,0.009
09,16,14.636,+,29,49,36.08,0.5,0.530450,0.000049,DEIMOS 2011A,20.807,0.005
09,16,14.686,+,29,53,18.77,0.5,0.536491,0.000107,DEIMOS 2011A,23.197,0.035
09,16,14.686,+,29,53,18.77,0.5,0.306480,0.000107,DEIMOS 2011A,23.197,0.035
09,16,14.688,+,29,52,23.31,0.5,0.144762,0.000005,DEIMOS 2011A,18.212,0.001
09,16,14.753,+,29,50,00.55,0.5,0.590406,0.000037,DEIMOS 2011A,23.074,0.045
09,16,14.828,+,29,50,53.41,0.5,0.528759,0.000061,DEIMOS 2011A,21.692,0.011
09,16,14.848,+,29,54,00.71,0.5,0.535451,0.000043,DEIMOS 2011A,21.402,0.009
09,16,14.871,+,29,49,41.51,0.5,0.593121,0.000024,DEIMOS 2011A,20.129,0.004
09,16,14.985,+,29,51,17.32,1.27,0.349660,0.000013,DEIMOS 2011A,NULL,NULL
09,16,15.023,+,29,50,51.72,0.5,0.528443,0.000162,DEIMOS 2012B,22.958,0.025
09,16,15.023,+,29,51,15.24,0.5,0.527440,0.000107,DEIMOS 2011A,20.476,0.004
09,16,15.038,+,29,50,58.94,0.5,0.533035,0.000021,DEIMOS 2011A,20.349,0.004
09,16,15.038,+,29,50,58.94,0.5,0.530300,NULL,LRIS 2007,20.349,0.004
09,16,15.045,+,29,52,28.54,0.5,0.639450,0.000107,DEIMOS 2011A,22.109,0.018
09,16,15.159,+,29,52,33.67,0.5,0.531640,0.000053,DEIMOS 2011A,21.568,0.008
09,16,15.269,+,29,49,27.80,0.5,0.535155,0.000091,DEIMOS 2011A,20.890,0.006
09,16,15.489,+,29,51,09.81,0.5,1.045090,0.000111,DEIMOS 2011A,21.723,0.011
09,16,15.597,+,29,52,31.13,0.5,0.527559,0.000008,DEIMOS 2011A,21.519,0.008
09,16,15.716,+,29,50,05.80,0.5,0.530408,0.000024,DEIMOS 2011A,19.425,0.003
09,16,15.727,+,29,50,31.04,0.5,0.534317,0.000029,DEIMOS 2011A,20.393,0.004
09,16,15.727,+,29,50,31.04,0.5,0.530700,NULL,LRIS 2007,20.393,0.004
09,16,15.756,+,29,49,07.45,0.5,0.537336,0.000149,DEIMOS 2011A,22.527,0.017
09,16,15.780,+,29,51,05.11,0.5,0.367469,0.000004,DEIMOS 2011A,21.915,0.011
09,16,15.896,+,29,51,19.54,0.5,0.536600,NULL,LRIS 2007,20.532,0.004
09,16,15.915,+,29,53,05.30,0.5,0.455429,0.000007,DEIMOS 2011A,22.224,0.013
09,16,15.939,+,29,48,51.15,0.5,0.702266,0.000037,DEIMOS 2011A,21.618,0.009
09,16,16.009,+,29,49,08.49,0.5,0.535570,0.000068,DEIMOS 2011A,21.732,0.011
09,16,16.027,+,29,49,57.63,0.5,0.591306,0.000062,DEIMOS 2011A,22.189,0.014
09,16,16.032,+,29,50,56.02,0.5,0.537099,0.000077,DEIMOS 2011A,22.420,0.015
09,16,16.035,+,29,50,31.48,0.5,0.531830,0.000107,DEIMOS 2011A,20.338,0.004
09,16,16.035,+,29,50,31.48,0.5,0.531782,0.000023,DEIMOS 2011A,20.338,0.004
09,16,16.035,+,29,50,31.48,0.5,0.534400,NULL,LRIS 2007,20.338,0.004
09,16,16.111,+,29,49,05.66,0.5,0.542390,0.000060,DEIMOS 2011A,21.983,0.012
09,16,16.256,+,29,54,19.82,0.5,0.541572,0.000034,DEIMOS 2011A,23.303,0.036
09,16,16.281,+,29,52,37.55,0.5,0.537176,0.000032,DEIMOS 2011A,22.593,0.018
09,16,16.293,+,29,54,30.08,0.5,0.764755,0.000025,DEIMOS 2011A,23.169,0.028
09,16,16.331,+,29,49,24.42,0.5,0.534436,0.000042,DEIMOS 2011A,21.344,0.008
09,16,16.331,+,29,49,24.42,0.5,0.532400,NULL,LRIS 2007,21.344,0.008
09,16,16.347,+,29,51,57.91,0.5,0.530569,0.000043,DEIMOS 2011A,20.939,0.006
09,16,16.347,+,29,51,57.91,0.5,0.526000,NULL,LRIS 2007,20.939,0.006
09,16,16.410,+,29,50,13.98,0.5,0.453992,0.000004,DEIMOS 2011A,22.590,0.018
09,16,16.449,+,29,52,11.54,0.5,0.535382,0.000062,DEIMOS 2011A,22.550,0.019
09,16,16.472,+,29,49,34.80,0.5,0.526254,0.000096,DEIMOS 2011A,21.538,0.008
09,16,16.481,+,29,54,10.14,0.5,0.861859,0.000022,DEIMOS 2011A,21.374,0.009
09,16,16.554,+,29,50,31.28,0.5,0.528841,0.000066,DEIMOS 2012B,22.327,0.026
09,16,16.568,+,29,51,54.26,0.5,0.535298,0.000025,DEIMOS 2011A,19.903,0.003
09,16,16.568,+,29,51,54.26,0.5,0.527500,NULL,LRIS 2007,19.903,0.003
09,16,16.572,+,29,52,34.42,0.5,0.414376,0.000010,DEIMOS 2011A,20.933,0.005
09,16,16.629,+,29,48,50.59,0.5,0.536123,0.000049,DEIMOS 2011A,22.115,0.014
09,16,16.644,+,29,54,40.53,0.5,0.529040,0.000026,DEIMOS 2011A,20.359,0.004
09,16,16.725,+,29,47,32.35,1.27,0.638986,0.000202,DEIMOS 2011A,NULL,NULL
09,16,16.738,+,29,49,53.88,0.5,0.379495,0.000053,DEIMOS 2011A,21.632,0.008
09,16,16.775,+,29,49,07.38,0.5,0.535138,0.000083,DEIMOS 2011A,20.108,0.003
09,16,16.775,+,29,49,07.38,0.5,0.536172,0.000068,DEIMOS 2011A,20.108,0.003
09,16,16.843,+,29,50,51.53,0.5,0.527852,0.000031,DEIMOS 2012B,21.404,0.007
09,16,16.887,+,29,48,58.77,0.5,0.467222,0.000005,DEIMOS 2012B,22.105,0.018
09,16,16.910,+,29,49,03.60,0.5,0.539670,0.000107,DEIMOS 2011A,19.950,0.003
09,16,16.910,+,29,49,03.60,0.5,0.539616,0.000028,DEIMOS 2011A,19.950,0.003
09,16,16.910,+,29,49,03.60,0.5,0.605900,NULL,LRIS 2007,19.950,0.003
09,16,16.960,+,29,48,52.55,0.5,0.535516,0.000053,DEIMOS 2011A,21.740,0.012
09,16,16.995,+,29,49,12.73,0.5,0.528349,0.000044,DEIMOS 2012B,21.274,0.010
09,16,17.073,+,29,50,44.23,0.5,0.173320,0.000107,DEIMOS 2011A,24.811,0.041
09,16,17.091,+,29,53,00.45,0.5,0.525763,0.000062,DEIMOS 2011A,21.750,0.009
09,16,17.230,+,29,47,47.99,0.5,0.342853,0.000008,DEIMOS 2011A,20.329,0.004
09,16,17.262,+,29,50,45.57,0.5,0.534466,0.000024,DEIMOS 2011A,21.205,0.007
09,16,17.414,+,29,52,04.35,0.5,0.591423,0.000099,DEIMOS 2011A,21.979,0.012
09,16,17.480,+,29,49,32.61,0.5,0.589353,0.000045,DEIMOS 2012B,21.885,0.011
09,16,17.490,+,29,53,16.78,0.5,0.186050,0.000015,DEIMOS 2011A,19.881,0.002
09,16,17.525,+,29,55,11.06,0.5,0.589075,0.000107,DEIMOS 2011A,23.362,0.042
09,16,17.550,+,29,52,34.91,0.5,0.185958,0.000006,DEIMOS 2011A,21.368,0.010
09,16,17.670,+,29,50,09.63,0.5,0.531265,0.000056,DEIMOS 2012B,22.405,0.016
09,16,17.714,+,29,52,10.55,0.5,0.533275,0.000053,DEIMOS 2011A,21.857,0.011
09,16,17.738,+,29,49,16.70,0.5,0.539842,0.000048,DEIMOS 2011A,21.175,0.007
09,16,17.752,+,29,55,37.06,0.5,0.366128,0.000011,DEIMOS 2011A,22.466,0.016
09,16,17.760,+,29,48,22.54,0.5,0.101886,0.000047,DEIMOS 2011A,21.816,0.012
09,16,17.812,+,29,53,06.52,0.5,0.352117,0.000033,DEIMOS 2011A,20.652,0.004
09,16,17.916,+,29,50,34.70,0.5,0.532508,0.000051,DEIMOS 2012B,22.104,0.013
09,16,18.001,+,29,52,14.98,0.5,0.533876,0.000054,DEIMOS 2011A,21.623,0.009
09,16,18.008,+,29,47,02.03,0.5,0.500785,0.000028,DEIMOS 2011A,22.577,0.020
09,16,18.038,+,29,52,39.57,0.5,0.526265,0.000046,DEIMOS 2011A,21.628,0.009
09,16,18.134,+,29,50,19.10,0.5,0.535000,0.000066,DEIMOS 2011A,22.327,0.014
09,16,18.212,+,29,49,46.09,0.5,0.592720,0.000011,DEIMOS 2011A,19.988,0.003
09,16,18.277,+,29,47,53.91,0.5,0.538360,0.000016,DEIMOS 2012B,21.891,0.011
09,16,18.334,+,29,53,30.26,0.5,0.537780,NULL,DEIMOS 2011A,20.683,0.005
09,16,18.334,+,29,53,30.26,0.5,0.535389,0.000053,DEIMOS 2011A,20.683,0.005
09,16,18.426,+,29,52,36.44,0.5,0.265862,0.000012,DEIMOS 2011A,18.155,0.001
09,16,18.801,+,29,54,34.07,0.5,0.830180,0.000056,DEIMOS 2011A,21.346,0.009
09,16,18.893,+,29,50,06.69,0.5,0.532112,0.000094,DEIMOS 2012B,22.434,0.021
09,16,19.462,+,29,50,34.55,1.27,0.380083,0.000045,DEIMOS 2011A,NULL,NULL
09,16,19.471,+,29,50,34.22,1.27,0.380022,0.000027,DEIMOS 2011A,NULL,NULL
09,16,19.477,+,29,54,58.66,0.5,0.606815,0.000023,DEIMOS 2011A,21.653,0.009
09,16,19.557,+,29,52,53.64,0.5,0.353178,0.000077,DEIMOS 2011A,22.498,0.023
09,16,19.580,+,29,47,47.45,0.5,0.179163,0.000029,DEIMOS 2011A,20.293,0.003
09,16,19.619,+,29,52,02.99,0.5,0.529547,0.000043,DEIMOS 2011A,23.175,0.026
09,16,19.726,+,29,50,44.95,1.27,0.529104,0.000052,DEIMOS 2011A,NULL,NULL
09,16,19.750,+,29,51,17.44,0.5,0.592400,0.000005,DEIMOS 2011A,21.860,0.011
09,16,19.780,+,29,50,26.96,0.5,0.507974,0.000011,DEIMOS 2012B,21.551,0.008
09,16,19.796,+,29,51,19.87,0.5,0.702340,0.000018,DEIMOS 2011A,23.162,0.025
09,16,19.796,+,29,52,36.34,0.5,0.527682,0.000061,DEIMOS 2011A,21.221,0.008
09,16,19.808,+,29,53,05.65,0.5,0.661167,0.000016,DEIMOS 2011A,22.787,0.022
09,16,19.816,+,29,52,29.97,0.5,0.527316,0.000035,DEIMOS 2011A,21.419,0.008
09,16,19.835,+,29,54,07.58,0.5,0.533431,0.000032,DEIMOS 2011A,20.038,0.002
09,16,19.844,+,29,56,08.15,0.5,0.591902,0.000037,DEIMOS 2011A,20.470,0.004
09,16,19.875,+,29,52,11.15,0.5,0.536025,0.000086,DEIMOS 2011A,22.429,0.017
09,16,19.910,+,29,54,00.76,0.5,0.536414,0.000002,DEIMOS 2011A,22.476,0.015
09,16,19.933,+,29,51,01.10,0.5,0.367588,0.000032,DEIMOS 2011A,21.847,0.011
09,16,20.038,+,29,54,28.60,0.5,0.590778,0.000043,DEIMOS 2011A,22.009,0.012
09,16,20.181,+,29,55,32.52,0.5,0.445830,0.000025,DEIMOS 2011A,20.035,0.002
09,16,20.518,+,29,53,12.74,0.5,0.879857,0.000011,DEIMOS 2011A,22.274,0.015
09,16,20.544,+,29,50,44.41,1.27,1.119540,0.000020,DEIMOS 2011A,NULL,NULL
09,16,20.545,+,29,52,32.02,0.5,0.529271,0.000099,DEIMOS 2012B,22.368,0.018
09,16,20.591,+,29,53,38.64,0.5,0.528698,0.000032,DEIMOS 2011A,20.773,0.006
09,16,20.599,+,29,55,06.73,0.5,0.914280,0.000025,DEIMOS 2011A,23.431,0.036
09,16,20.651,+,29,49,05.97,0.5,0.771912,0.000028,DEIMOS 2011A,22.189,0.015
09,16,20.698,+,29,49,51.20,0.5,0.502966,0.000042,DEIMOS 2011A,20.552,0.004
09,16,20.960,+,29,54,25.43,0.5,0.501316,0.000035,DEIMOS 2011A,20.962,0.005
09,16,21.071,+,29,55,13.36,0.5,0.914012,0.000037,DEIMOS 2011A,21.851,0.012
09,16,21.074,+,29,51,14.56,0.5,0.591615,0.000062,DEIMOS 2011A,22.183,0.015
09,16,21.331,+,29,50,46.90,0.5,0.380414,0.000018,DEIMOS 2011A,22.235,0.016
09,16,21.758,+,29,51,12.94,0.5,0.815350,0.000107,DEIMOS 2012B,20.650,0.005
09,16,21.758,+,29,51,12.94,0.5,0.590400,0.000009,DEIMOS 2012B,20.650,0.005
09,16,21.819,+,29,54,25.18,0.5,0.593424,0.000015,DEIMOS 2011A,23.063,0.025
09,16,21.849,+,29,54,59.02,0.5,0.828601,0.000007,DEIMOS 2011A,21.828,0.010
09,16,22.104,+,29,47,04.15,0.5,0.611394,0.000017,DEIMOS 2011A,22.331,0.016
09,16,22.107,+,29,50,51.14,0.5,0.590704,0.000013,DEIMOS 2011A,23.480,0.034
09,16,22.412,+,29,48,44.62,0.5,0.380299,0.000079,DEIMOS 2011A,20.501,0.004
09,16,22.546,+,29,53,33.14,0.5,0.539560,NULL,DEIMOS 2011A,22.558,0.016
09,16,22.558,+,29,46,55.72,0.5,0.377217,0.000066,DEIMOS 2011A,22.154,0.014
09,16,22.630,+,29,51,05.29,1.27,0.532349,0.000095,DEIMOS 2011A,NULL,NULL
09,16,22.748,+,29,53,33.40,0.5,0.538378,0.000024,DEIMOS 2011A,21.831,0.011
09,16,22.755,+,29,52,30.97,0.5,0.529133,0.000034,DEIMOS 2011A,21.152,0.008
09,16,22.773,+,29,52,43.68,0.5,0.823110,0.000107,DEIMOS 2011A,22.073,0.014
09,16,22.919,+,29,46,10.90,0.5,0.808942,0.000054,DEIMOS 2011A,21.928,0.011
09,16,23.060,+,29,56,35.82,0.5,0.520458,0.000041,DEIMOS 2011A,21.191,0.007
09,16,23.101,+,29,47,04.72,0.5,0.531227,0.000080,DEIMOS 2011A,21.782,0.014
09,16,23.133,+,29,49,03.48,0.5,0.807715,0.000107,DEIMOS 2011A,22.364,0.014
09,16,23.166,+,29,52,44.91,0.5,0.655726,0.000041,DEIMOS 2011A,22.143,0.014
09,16,23.263,+,29,46,05.19,0.5,1.106200,0.000053,DEIMOS 2011A,22.679,0.019
09,16,23.264,+,29,53,04.54,0.5,0.524382,0.000037,DEIMOS 2011A,20.971,0.006
09,16,23.438,+,29,53,43.20,0.5,0.125198,0.000006,DEIMOS 2011A,22.384,0.017
09,16,23.505,+,29,48,14.18,0.5,0.216251,0.000107,DEIMOS 2011A,20.319,0.003
09,16,23.588,+,29,53,01.21,0.5,0.501966,0.000044,DEIMOS 2012B,21.133,0.006
09,16,23.640,+,29,57,03.49,0.5,0.101007,0.000003,DEIMOS 2011A,21.084,0.006
09,16,23.671,+,29,55,48.69,0.5,0.591152,0.000067,DEIMOS 2011A,22.130,0.012
09,16,23.692,+,29,55,38.00,0.5,0.592281,0.000036,DEIMOS 2011A,19.940,0.003
09,16,23.721,+,29,47,03.19,0.5,1.037420,0.000046,DEIMOS 2011A,23.039,0.025
09,16,23.911,+,29,55,38.46,0.5,0.593710,NULL,DEIMOS 2011A,21.506,0.007
09,16,24.116,+,29,52,30.98,0.5,0.476315,0.000076,DEIMOS 2011A,21.639,0.009
09,16,24.174,+,29,54,49.22,0.5,1.324740,0.000134,DEIMOS 2011A,19.238,0.001
09,16,24.228,+,29,53,06.44,0.5,0.535259,0.000068,DEIMOS 2011A,22.159,0.013
09,16,24.289,+,29,55,52.60,0.5,0.587042,0.000080,DEIMOS 2011A,20.923,0.008
09,16,24.306,+,29,48,35.30,0.5,0.668517,0.000029,DEIMOS 2011A,21.586,0.008
09,16,24.466,+,29,55,44.67,0.5,0.586922,0.000031,DEIMOS 2011A,20.622,0.005
09,16,24.511,+,29,51,40.76,0.5,0.533030,0.000107,DEIMOS 2011A,20.949,0.005
09,16,24.593,+,29,56,05.76,0.5,0.534017,0.000084,DEIMOS 2011A,21.920,0.014
09,16,24.603,+,29,50,21.51,0.5,0.186357,0.000015,DEIMOS 2011A,19.388,0.001
09,16,24.622,+,29,46,14.93,0.5,0.503804,0.000020,DEIMOS 2012B,22.455,0.016
09,16,24.636,+,29,51,44.85,0.5,0.532142,0.000020,DEIMOS 2011A,19.645,0.003
09,16,24.646,+,29,46,36.52,0.5,0.422119,0.000068,DEIMOS 2011A,20.206,0.005
09,16,24.680,+,29,48,41.38,0.5,0.668280,0.000024,DEIMOS 2011A,21.956,0.012
09,16,24.819,+,29,51,33.44,0.5,0.534714,0.000131,DEIMOS 2011A,22.405,0.018
09,16,24.890,+,29,52,48.03,0.5,0.535976,0.000050,DEIMOS 2011A,21.306,0.008
09,16,25.028,+,29,48,43.61,0.5,0.377742,0.000023,DEIMOS 2011A,20.453,0.004
09,16,25.031,+,29,47,52.07,0.5,0.379227,0.000102,DEIMOS 2011A,20.853,0.004
09,16,25.087,+,29,57,08.47,0.5,0.521306,0.000022,DEIMOS 2011A,22.560,0.020
09,16,25.200,+,29,52,13.31,0.5,0.536070,0.000107,DEIMOS 2011A,19.308,0.002
09,16,25.304,+,29,51,45.34,0.5,0.265140,0.000107,DEIMOS 2011A,21.492,0.008
09,16,25.339,+,29,53,10.30,0.5,0.451995,0.000010,DEIMOS 2011A,22.548,0.020
09,16,25.351,+,29,50,44.54,0.5,0.535768,0.000013,DEIMOS 2011A,22.531,0.018
09,16,25.354,+,29,51,50.20,0.5,0.264102,0.000024,DEIMOS 2011A,20.116,0.004
09,16,25.519,+,29,52,11.74,0.5,0.691469,0.000042,DEIMOS 2011A,21.675,0.008
09,16,25.545,+,29,52,23.40,0.5,0.241506,0.000030,DEIMOS 2011A,23.487,0.055
09,16,25.561,+,29,50,56.27,0.5,0.898906,0.000092,DEIMOS 2011A,21.606,0.011
09,16,25.582,+,29,51,31.55,0.5,0.528792,0.000036,DEIMOS 2011A,20.597,0.004
09,16,25.605,+,29,46,58.48,0.5,0.502866,0.000031,DEIMOS 2011A,21.964,0.011
09,16,25.636,+,29,47,10.84,0.5,0.507683,0.000083,DEIMOS 2011A,21.515,0.008
09,16,25.682,+,29,46,16.52,0.5,0.342642,0.000037,DEIMOS 2011A,21.585,0.011
09,16,25.702,+,29,48,21.23,0.5,0.531176,0.000032,DEIMOS 2012B,21.071,0.006
09,16,25.802,+,29,50,14.94,0.5,0.536079,0.000080,DEIMOS 2012B,22.632,0.020
09,16,25.815,+,29,52,07.69,0.5,0.532450,0.000107,DEIMOS 2011A,19.848,0.004
09,16,25.922,+,29,55,39.28,0.5,0.504889,0.000046,DEIMOS 2011A,20.792,0.005
09,16,25.926,+,29,51,17.90,0.5,0.539003,0.000049,DEIMOS 2011A,21.455,0.008
09,16,26.016,+,29,54,16.73,0.5,0.527244,0.000076,DEIMOS 2011A,21.917,0.013
09,16,26.034,+,29,54,59.19,0.5,0.530816,0.000061,DEIMOS 2011A,21.546,0.008
09,16,26.051,+,29,57,04.16,0.5,0.179662,0.000004,DEIMOS 2011A,22.470,0.016
09,16,26.086,+,29,51,51.89,0.5,0.538123,0.000046,DEIMOS 2011A,21.577,0.010
09,16,26.204,+,29,52,07.87,0.5,1.105000,0.000135,DEIMOS 2011A,22.381,0.014
09,16,26.218,+,29,55,17.36,0.5,0.534268,0.000077,DEIMOS 2011A,21.526,0.009
09,16,26.231,+,29,50,51.70,0.5,0.228752,0.000035,DEIMOS 2011A,22.053,0.015
09,16,26.346,+,29,54,58.47,0.5,0.532947,0.000021,DEIMOS 2011A,19.533,0.003
09,16,26.393,+,29,50,23.22,0.5,1.058850,0.000015,DEIMOS 2011A,23.038,0.059
09,16,26.479,+,29,52,12.93,0.5,0.530423,0.000044,DEIMOS 2011A,21.570,0.014
09,16,26.522,+,29,50,15.49,0.5,0.533263,0.000035,DEIMOS 2011A,21.097,0.008
09,16,26.533,+,29,46,15.84,0.5,0.336766,0.000021,DEIMOS 2011A,22.333,0.021
09,16,26.582,+,29,56,50.16,0.5,0.617456,0.000015,DEIMOS 2011A,22.092,0.016
09,16,26.622,+,29,56,24.89,0.5,0.532034,0.000032,DEIMOS 2011A,19.625,0.004
09,16,26.870,+,29,50,12.59,0.5,0.534786,0.000016,DEIMOS 2012B,22.008,0.013
09,16,27.035,+,29,54,39.78,0.5,0.534768,0.000075,DEIMOS 2011A,22.235,0.017
09,16,27.062,+,29,45,45.14,0.5,0.538028,0.000067,DEIMOS 2011A,21.405,0.007
09,16,27.133,+,29,52,20.65,0.5,0.530172,0.000039,DEIMOS 2011A,21.499,0.008
09,16,27.256,+,29,54,15.11,0.5,0.537574,0.000053,DEIMOS 2011A,21.990,0.012
09,16,27.331,+,29,48,20.48,0.5,0.534650,0.000026,DEIMOS 2012B,21.584,0.008
09,16,27.553,+,29,56,21.39,0.5,0.529880,0.000058,DEIMOS 2011A,22.020,0.011
09,16,27.554,+,29,46,54.32,0.5,0.808140,0.000118,DEIMOS 2011A,22.373,0.017
09,16,27.611,+,29,53,37.33,0.5,0.529629,0.000042,DEIMOS 2011A,21.564,0.009
09,16,27.668,+,29,50,18.78,0.5,0.769216,0.000127,DEIMOS 2011A,22.248,0.024
09,16,27.805,+,29,50,13.13,0.5,0.638811,0.000005,DEIMOS 2012B,21.006,0.005
09,16,28.073,+,29,51,09.35,0.5,0.733460,0.000069,DEIMOS 2011A,21.923,0.013
09,16,28.153,+,29,50,12.84,1.27,0.377930,0.000107,DEIMOS 2011A,NULL,NULL
09,16,28.207,+,29,53,04.84,0.5,0.528479,0.000029,DEIMOS 2011A,19.663,0.004
09,16,28.242,+,29,56,42.47,1.27,0.689859,0.000041,DEIMOS 2011A,NULL,NULL
09,16,28.288,+,29,54,42.72,0.5,0.503712,0.000023,DEIMOS 2011A,22.102,0.013
09,16,28.299,+,29,54,22.89,0.5,0.536755,0.000009,DEIMOS 2011A,22.500,0.021
09,16,28.408,+,29,49,04.50,0.5,0.520587,0.000011,DEIMOS 2012B,20.523,0.004
09,16,28.441,+,29,52,12.80,0.5,0.537828,0.000042,DEIMOS 2011A,21.221,0.009
09,16,28.473,+,29,55,14.89,0.5,0.494947,0.000007,DEIMOS 2011A,21.737,0.010
09,16,28.486,+,29,55,27.19,0.5,0.591956,0.000048,DEIMOS 2011A,21.217,0.007
09,16,28.626,+,29,51,23.03,0.5,0.730982,0.000018,DEIMOS 2011A,22.259,0.017
09,16,28.711,+,29,48,36.05,0.5,0.607170,0.000107,DEIMOS 2011A,20.909,0.005
09,16,28.765,+,29,56,27.14,0.5,0.593504,0.000034,DEIMOS 2011A,21.008,0.005
09,16,28.895,+,29,44,42.29,0.5,0.535169,0.000058,DEIMOS 2011A,21.363,0.010
09,16,28.928,+,29,48,34.86,0.5,1.034670,0.000241,DEIMOS 2011A,20.681,0.003
09,16,29.001,+,29,52,13.36,0.5,0.529696,0.000068,DEIMOS 2011A,22.334,0.018
09,16,29.015,+,29,56,28.38,0.5,0.730250,NULL,DEIMOS 2011A,23.305,0.040
09,16,29.100,+,29,57,29.05,1.27,0.183822,0.000003,DEIMOS 2011A,NULL,NULL
09,16,29.186,+,29,57,22.46,1.27,0.322265,0.000006,DEIMOS 2011A,NULL,NULL
09,16,29.361,+,29,47,35.42,0.5,0.534045,0.000043,DEIMOS 2012B,22.301,0.020
09,16,29.458,+,29,45,22.07,0.5,0.805583,0.000009,DEIMOS 2011A,21.487,0.008
09,16,29.471,+,29,48,02.30,0.5,0.532017,0.000192,DEIMOS 2011A,22.446,0.015
09,16,29.524,+,29,48,23.87,0.5,0.533526,0.000024,DEIMOS 2012B,20.015,0.002
09,16,29.536,+,29,48,33.85,0.5,0.349272,0.000047,DEIMOS 2012B,21.647,0.011
09,16,29.569,+,29,48,26.29,0.5,0.534550,0.000107,DEIMOS 2012B,19.627,0.002
09,16,29.616,+,29,49,14.47,0.5,0.144091,0.000001,DEIMOS 2011A,20.246,0.003
09,16,29.621,+,29,52,35.41,0.5,0.501773,0.000051,DEIMOS 2011A,22.440,0.015
09,16,29.650,+,29,50,08.15,0.5,0.377315,0.000022,DEIMOS 2012B,19.789,0.003
09,16,29.705,+,29,55,24.97,0.5,0.528661,0.000049,DEIMOS 2011A,21.514,0.009
09,16,29.905,+,29,44,56.53,0.5,0.534894,0.000134,DEIMOS 2011A,22.149,0.013
09,16,30.046,+,29,46,47.52,0.5,0.379660,4.720000,DEIMOS 2011A,21.372,0.008
09,16,30.095,+,29,53,48.40,0.5,0.352938,0.000003,DEIMOS 2011A,20.709,0.005
09,16,30.095,+,29,53,48.40,0.5,0.743120,0.000107,DEIMOS 2011A,20.709,0.005
09,16,30.192,+,29,45,15.85,0.5,0.322530,0.000016,DEIMOS 2011A,22.195,0.016
09,16,30.221,+,29,52,29.94,0.5,0.589221,0.000013,DEIMOS 2011A,21.969,0.011
09,16,30.333,+,29,46,42.74,0.5,0.217750,0.000084,DEIMOS 2011A,20.982,0.005
09,16,30.399,+,29,46,47.52,0.5,0.500713,0.000026,DEIMOS 2012B,22.607,0.021
09,16,30.410,+,29,44,36.42,0.5,0.423055,0.000028,DEIMOS 2011A,21.887,0.013
09,16,30.475,+,29,46,37.36,0.5,0.343413,0.000032,DEIMOS 2011A,19.484,0.002
09,16,30.506,+,29,52,35.58,0.5,0.490677,0.000019,DEIMOS 2011A,20.359,0.003
09,16,30.585,+,29,53,07.18,0.5,0.533399,0.000029,DEIMOS 2011A,20.698,0.004
09,16,30.740,+,29,55,09.94,0.5,0.178469,0.000021,DEIMOS 2011A,22.964,0.024
09,16,30.765,+,29,45,48.63,0.5,0.353131,0.000012,DEIMOS 2011A,21.212,0.008
09,16,30.807,+,29,51,52.30,0.5,0.531321,0.000053,DEIMOS 2011A,21.881,0.010
09,16,30.858,+,29,54,44.42,0.5,0.532653,0.000011,DEIMOS 2011A,22.078,0.012
09,16,30.952,+,29,52,45.62,0.5,0.530517,0.000017,DEIMOS 2011A,21.279,0.008
09,16,31.041,+,29,57,51.55,0.5,0.366133,0.000018,DEIMOS 2011A,21.451,0.007
09,16,31.310,+,29,52,00.30,0.5,0.529383,0.000038,DEIMOS 2011A,21.833,0.009
09,16,31.318,+,29,46,46.24,0.5,0.520465,0.000043,DEIMOS 2011A,21.864,0.010
09,16,31.363,+,29,52,34.32,0.5,0.179152,0.000002,DEIMOS 2011A,21.136,0.008
09,16,31.386,+,29,56,03.28,0.5,0.639908,0.000012,DEIMOS 2011A,21.903,0.011
09,16,31.424,+,29,46,23.57,0.5,0.379198,0.000047,DEIMOS 2012B,21.166,0.006
09,16,31.432,+,29,44,11.61,0.5,0.525922,0.000140,DEIMOS 2011A,21.921,0.012
09,16,31.457,+,29,54,11.42,0.5,0.534064,0.000039,DEIMOS 2011A,22.271,0.016
09,16,31.611,+,29,46,26.92,0.5,0.534698,0.000112,DEIMOS 2011A,22.379,0.016
09,16,31.677,+,29,53,46.23,0.5,0.533252,0.000019,DEIMOS 2011A,20.036,0.003
09,16,31.726,+,29,54,55.23,0.5,0.178969,0.000009,DEIMOS 2011A,22.201,0.015
09,16,31.912,+,29,48,25.39,0.5,0.833204,0.000107,DEIMOS 2011A,23.154,0.030
09,16,31.954,+,29,48,20.75,0.5,0.830356,0.000009,DEIMOS 2011A,23.348,0.030
09,16,31.996,+,29,45,08.40,0.5,0.535323,0.000086,DEIMOS 2011A,22.120,0.016
09,16,32.033,+,29,55,03.42,0.5,0.492075,0.000032,DEIMOS 2011A,20.782,0.005
09,16,32.081,+,29,45,16.30,0.5,0.536438,0.000070,DEIMOS 2011A,20.756,0.006
09,16,32.112,+,29,46,27.28,0.5,0.534904,0.000082,DEIMOS 2011A,20.910,0.005
09,16,32.149,+,29,53,50.75,0.5,0.535205,0.000006,DEIMOS 2011A,22.393,0.016
09,16,32.166,+,29,55,28.81,0.5,0.504407,0.000031,DEIMOS 2011A,22.273,0.017
09,16,32.343,+,29,50,04.50,0.5,0.420937,0.000048,DEIMOS 2011A,20.439,0.004
09,16,32.352,+,29,55,25.38,0.5,0.594980,0.000029,DEIMOS 2011A,21.238,0.006
09,16,32.415,+,29,56,47.92,0.5,0.183976,0.000018,DEIMOS 2011A,22.565,0.019
09,16,32.425,+,29,55,27.51,0.5,0.528380,0.000107,DEIMOS 2011A,21.706,0.007
09,16,32.466,+,29,48,53.04,0.5,0.240080,0.000004,DEIMOS 2011A,20.073,0.004
09,16,32.640,+,29,47,34.88,0.5,0.520128,0.000022,DEIMOS 2012B,21.593,0.008
09,16,32.750,+,29,54,58.08,0.5,0.527219,0.000032,DEIMOS 2011A,20.541,0.004
09,16,32.863,+,29,56,49.78,0.5,0.418788,0.000014,DEIMOS 2011A,22.431,0.021
09,16,32.866,+,29,57,16.76,0.5,0.185624,0.000034,DEIMOS 2011A,20.591,0.004
09,16,32.911,+,29,54,57.88,0.5,0.589993,0.000050,DEIMOS 2011A,21.849,0.006
09,16,33.213,+,29,55,53.80,1.27,0.974960,0.000107,DEIMOS 2011A,NULL,NULL
09,16,33.265,+,29,57,31.34,0.5,0.528030,0.000100,DEIMOS 2011A,22.534,0.016
09,16,33.267,+,29,48,22.29,0.5,0.455434,0.000008,DEIMOS 2011A,22.492,0.020
09,16,33.511,+,29,55,22.14,0.5,0.639516,0.000042,DEIMOS 2011A,22.239,0.016
09,16,33.517,+,29,46,38.27,0.5,0.831855,0.000059,DEIMOS 2011A,22.141,0.014
09,16,33.574,+,29,53,03.46,0.5,0.592013,0.000006,DEIMOS 2011A,22.296,0.015
09,16,33.593,+,29,55,55.33,0.5,0.504569,0.000008,DEIMOS 2011A,23.422,0.040
09,16,33.706,+,29,55,34.33,0.5,0.563447,0.000002,DEIMOS 2011A,21.782,0.008
09,16,33.855,+,29,44,46.49,0.5,0.537995,0.000028,DEIMOS 2011A,20.738,0.005
09,16,33.932,+,29,54,11.41,0.5,0.533956,0.000137,DEIMOS 2011A,23.391,0.033
09,16,34.069,+,29,47,05.46,0.5,0.036262,0.000002,DEIMOS 2011A,19.576,0.002
09,16,34.130,+,29,57,13.33,0.5,0.567177,0.000008,DEIMOS 2011A,22.604,0.024
09,16,34.208,+,29,49,11.58,0.5,0.529912,0.000024,DEIMOS 2012B,22.951,0.024
09,16,34.240,+,29,46,30.91,0.5,0.525220,0.000059,DEIMOS 2011A,22.309,0.016
09,16,34.251,+,29,45,02.10,0.5,0.899415,0.000044,DEIMOS 2011A,22.914,0.024
09,16,34.387,+,29,53,21.60,0.5,0.590516,0.000063,DEIMOS 2011A,20.449,0.004
09,16,34.542,+,29,57,16.97,0.5,0.491898,0.000024,DEIMOS 2011A,21.371,0.008
09,16,34.607,+,29,56,39.41,0.5,0.589518,0.000009,DEIMOS 2011A,21.565,0.008
09,16,34.847,+,29,55,08.85,0.5,0.527733,0.000048,DEIMOS 2011A,21.300,0.007
09,16,35.252,+,29,53,59.44,0.5,0.532914,0.000023,DEIMOS 2011A,20.518,0.005
09,16,35.312,+,29,53,34.13,0.5,0.496742,0.000046,DEIMOS 2011A,21.705,0.008
09,16,35.358,+,29,55,39.57,0.5,0.367502,0.000041,DEIMOS 2011A,23.329,0.032
09,16,35.419,+,29,54,07.49,0.5,0.605536,0.000048,DEIMOS 2011A,22.151,0.012
09,16,35.700,+,29,56,21.31,0.5,0.492464,0.000015,DEIMOS 2011A,21.904,0.013
09,16,35.797,+,29,53,39.01,0.5,1.104160,0.000079,DEIMOS 2011A,23.488,0.038
09,16,35.921,+,29,54,44.62,0.5,0.533412,0.000080,DEIMOS 2011A,22.508,0.017
09,16,36.064,+,29,57,20.02,0.5,0.492024,0.000035,DEIMOS 2011A,20.333,0.005
09,16,36.158,+,29,48,30.66,0.5,0.506709,0.000010,DEIMOS 2012B,22.047,0.011
09,16,36.167,+,29,54,28.15,0.5,0.504562,0.000020,DEIMOS 2011A,19.742,0.003
09,16,36.272,+,29,46,14.90,0.5,0.343024,0.000006,DEIMOS 2012B,20.330,0.004
09,16,36.287,+,29,55,05.44,0.5,0.513013,0.000035,DEIMOS 2011A,20.329,0.005
09,16,36.472,+,29,56,34.22,0.5,0.186031,0.000012,DEIMOS 2011A,22.260,0.016
09,16,36.861,+,29,55,08.78,0.5,0.495030,0.000043,DEIMOS 2011A,22.344,0.014
09,16,37.194,+,29,53,34.54,0.5,0.589508,0.000055,DEIMOS 2011A,21.685,0.009
09,16,37.225,+,29,48,27.61,0.5,0.241724,0.000009,DEIMOS 2011A,21.296,0.007
09,16,37.274,+,29,48,40.06,0.5,0.506949,0.000056,DEIMOS 2011A,21.482,0.007
09,16,37.370,+,29,55,35.98,0.5,0.524250,0.000107,DEIMOS 2011A,22.426,0.016
09,16,37.537,+,29,46,46.97,0.5,0.103861,0.000006,DEIMOS 2011A,21.500,0.007
09,16,37.604,+,29,56,52.95,0.5,0.347260,0.000003,DEIMOS 2011A,22.079,0.017
09,16,37.665,+,29,47,28.87,0.5,0.857095,0.000045,DEIMOS 2011A,21.272,0.009
09,16,37.696,+,29,57,05.59,0.5,0.534789,0.000021,DEIMOS 2011A,22.879,0.037
09,16,38.049,+,29,49,01.32,0.5,0.149929,0.000004,DEIMOS 2011A,21.398,0.008
09,16,38.057,+,29,57,10.29,0.5,0.313941,0.000029,DEIMOS 2011A,20.020,0.003
09,16,38.156,+,29,55,17.52,0.5,0.536178,0.000096,DEIMOS 2011A,22.110,0.041
09,16,38.265,+,29,56,06.74,0.5,0.524827,0.000082,DEIMOS 2011A,22.768,0.020
09,16,38.848,+,29,53,46.67,0.5,0.535924,0.000059,DEIMOS 2011A,21.547,0.009
09,16,38.884,+,29,48,18.14,0.5,0.853639,0.000034,DEIMOS 2012B,22.113,0.014
09,16,39.035,+,29,55,02.10,1.27,0.493035,0.000017,DEIMOS 2011A,NULL,NULL
09,16,39.339,+,29,56,49.20,1.27,0.530348,0.000009,DEIMOS 2011A,NULL,NULL
09,16,39.398,+,29,47,39.83,0.5,0.795531,0.000027,DEIMOS 2011A,18.836,0.002
09,16,40.028,+,29,46,35.79,0.5,0.659457,0.000033,DEIMOS 2012B,23.467,0.035
09,16,40.315,+,29,47,33.35,0.5,0.854100,0.000023,DEIMOS 2011A,23.466,0.039
09,16,40.403,+,29,47,00.11,0.5,0.482465,0.000014,DEIMOS 2011A,21.682,0.008
09,16,40.508,+,29,47,32.37,0.5,0.738730,0.000107,DEIMOS 2011A,22.100,0.013
09,16,40.539,+,29,48,44.08,0.5,0.217395,0.000019,DEIMOS 2011A,19.390,0.002
09,16,40.556,+,29,55,42.03,0.5,0.592900,0.000107,DEIMOS 2011A,23.192,0.035
09,16,40.556,+,29,55,42.03,0.5,0.535460,0.000020,DEIMOS 2011A,23.192,0.035
09,16,40.576,+,29,48,16.91,0.5,0.586648,0.000010,DEIMOS 2011A,21.770,0.011
09,16,40.792,+,29,56,45.18,0.5,0.350774,0.000005,DEIMOS 2011A,20.149,0.003
09,16,40.796,+,29,54,23.20,0.5,0.528038,0.000066,DEIMOS 2011A,22.149,0.011
09,16,41.020,+,29,54,05.21,0.5,0.894979,0.000021,DEIMOS 2011A,22.419,0.018
09,16,41.129,+,29,56,27.97,0.5,0.591780,0.000067,DEIMOS 2011A,21.737,0.011
09,16,41.159,+,29,54,13.67,0.5,0.536857,0.000003,DEIMOS 2011A,22.088,0.012
09,16,41.250,+,29,55,08.66,0.5,0.504688,0.000027,DEIMOS 2011A,20.734,0.005
09,16,41.650,+,29,55,33.68,0.5,0.505259,0.000017,DEIMOS 2011A,21.967,0.010
09,16,41.917,+,29,55,55.32,0.5,0.838649,0.000007,DEIMOS 2011A,22.274,0.014
09,16,41.972,+,29,54,50.81,0.5,0.241017,0.000001,DEIMOS 2011A,19.277,0.002
09,16,42.210,+,29,54,30.79,0.5,0.535289,0.000053,DEIMOS 2011A,21.763,0.011
09,16,42.308,+,29,48,34.44,0.5,0.216309,0.000012,DEIMOS 2012B,18.626,0.001
09,16,42.434,+,29,55,40.67,0.5,0.310934,0.000003,DEIMOS 2011A,22.348,0.017
09,16,42.496,+,29,48,19.59,0.5,0.856074,0.000095,DEIMOS 2012B,20.802,0.009
09,16,42.503,+,29,56,40.14,0.5,0.913795,0.000009,DEIMOS 2011A,22.968,0.028
09,16,42.661,+,29,55,54.84,0.5,0.840460,0.000018,DEIMOS 2011A,22.534,0.017
09,16,42.739,+,29,55,52.38,0.5,0.521365,0.000008,DEIMOS 2011A,22.237,0.016
09,16,43.126,+,29,54,26.09,0.5,0.533508,0.000017,DEIMOS 2011A,21.456,0.008
09,16,43.679,+,29,55,10.06,0.5,0.124055,0.000015,DEIMOS 2011A,21.775,0.014
09,16,44.432,+,29,47,51.84,0.5,0.366708,0.000009,DEIMOS 2012B,22.166,0.017
